Vendor,Harga,Kualitas,Garansi,Pelayanan,Pengiriman,Rating
ASUS Official,8.5,88,24,90,2,4.7
Lenovo Partner,9.2,92,36,85,4,4.6
Acer Store,7.3,78,12,75,3,4.1
HP Indonesia,10.5,94,24,88,5,4.8
Dell Official,11.0,96,36,92,6,4.9
MSI Center,12.5,98,24,87,4,4.8
ASUS Gaming Hub,9.8,90,24,89,3,4.7
Lenovo Exclusive,8.7,86,12,82,2,4.4
Acer Premium,7.9,80,24,78,3,4.2
HP Store,9.5,89,24,84,5,4.5
Dell Premium,13.0,97,36,95,6,5.0
MSI Official,11.8,95,24,90,4,4.8
ASUS Business,7.5,82,12,80,2,4.3
Lenovo Business,8.0,84,24,83,3,4.4
Acer Indonesia,6.8,76,12,72 ,4,4.0
HP Business,10.2,91,24,88,5,4.7
Dell Enterprise,12.2,97,36,94,6,4.9
MSI Gaming Store,13.5,99,24,91,4,5.0
ASUS Enterprise,9.0,87,24,86,2,4.6
Lenovo Official,8.3,85,12,81,3,4.4
Acer Smart Store,7.1,77,12,74,4,4.1
HP Elite Store,10.8,93,24,90,5,4.8
Dell Tech Store,11.5,95,36,93,6,4.9
MSI Laptop Hub,12.8,98,24,89,4,4.8
ASUS Digital,8.1,83,24,82,2,4.3
Lenovo Smart Tech,8.9,88,24,84,3,4.5
Acer Official Plus,7.4,79,12,76,4,4.2
HP Premium Tech,10.0,92,24,87,5,4.7
Dell Business Hub,11.7,96,36,94,6,4.9
MSI Ultimate Store,13.2,99,24,92,4,5.0
ASUS Smart Center,8.6,86,24,85,2,4.5
Lenovo Digital Hub,9.1,90,24,86,3,4.6
Acer Tech Store,7.2,78,12,75,4,4.1
HP Smart Solution,10.4,93,24,88,5,4.8
Dell Smart Hub,11.2,95,36,93,6,4.9
MSI Techno Center,12.6,98,24,90,4,4.9
ASUS Prime Tech,9.4,89,24,87,3,4.7
Lenovo Prime Store,8.5,85,12,82,2,4.4
Acer Elite Tech,7.8,80,24,77,4,4.2
HP Digital Store,9.9,91,24,86,5,4.7
Dell Innovation,12.1,97,36,95,6,5.0
MSI Innovation Hub,13.0,99,24,92,4,5.0
ASUS Office Store,8.2,84,12,81,2,4.3
Lenovo Office Tech,8.8,87,24,84,3,4.5
Acer Global Store,7.0,76,12,73,4,4.0
HP Global Tech,10.3,92,24,89,5,4.8
Dell Office Center,11.8,96,36,94,6,4.9
MSI Office Hub,12.9,98,24,91,4,4.9
ASUS Laptop Center,8.4,86,24,84,2,4.5
Lenovo Laptop Hub,9.0,88,24,85,3,4.6
Acer Digital Tech,7.3,79,12,76,4,4.2
HP Office Digital,10.1,91,24,88,5,4.7
Dell Official Tech,11.6,95,36,93,6,4.9
MSI Smart Official,12.7,98,24,90,4,4.9
ASUS Central Tech,8.3,85,24,83,2,4.4
Lenovo Central Hub,8.9,89,24,85,3,4.5
Acer Computing,7.5,80,12,77,4,4.2
HP Computing Hub,10.6,93,24,89,5,4.8
Dell Computing,11.9,96,36,94,6,4.9
MSI Computing Store,13.1,99,24,92,4,5.0
ASUS Smart Laptop,8.7,87,24,85,2,4.5
Lenovo Smart Official,9.3,90,24,86,3,4.6
Acer Smart Tech,7.6,81,12,78,4,4.3
HP Smart Digital,10.7,94,24,90,5,4.8
Dell Smart Official,12.0,97,36,95,6,5.0
MSI Smart Store,13.3,99,24,92,4,5.0
ASUS Elite Hub,8.6,86,24,84,2,4.5
Lenovo Elite Store,9.1,89,24,85,3,4.6
Acer Elite Hub,7.4,80,12,76,4,4.2
HP Elite Digital,10.4,92,24,88,5,4.8
Dell Elite Official,11.7,96,36,94,6,4.9
MSI Elite Official,12.8,98,24,91,4,4.9
ASUS Mega Store,8.5,87,24,85,2,4.5
Lenovo Mega Tech,9.2,90,24,86,3,4.6
Acer Mega Hub,7.7,81,12,78,4,4.3
HP Mega Official,10.5,93,24,89,5,4.8
Dell Mega Center,11.9,97,36,95,6,5.0
MSI Mega Digital,13.4,99,24,92,4,5.0
ASUS Tech Official,8.4,85,24,83,2,4.4
Lenovo Tech Official,9.0,88,24,84,3,4.5
Acer Techno Hub,7.5,80,12,77,4,4.2
HP Techno Store,10.3,92,24,88,5,4.8
Dell Techno Official,11.8,96,36,94,6,4.9
MSI Techno Digital,12.9,98,24,91,4,4.9
ASUS Pro Store,8.6,87,24,85,2,4.5
Lenovo Pro Official,9.1,89,24,86,3,4.6
Acer Pro Digital,7.6,81,12,78,4,4.3
HP Pro Official,10.6,93,24,89,5,4.8
Dell Pro Center,12.0,97,36,95,6,5.0
MSI Pro Official,13.2,99,24,92,4,5.0
ASUS Max Tech,8.7,88,24,86,2,4.6
Lenovo Max Official,9.3,90,24,87,3,4.7
Acer Max Store,7.8,82,12,79,4,4.3
HP Max Digital,10.7,94,24,90,5,4.8
Dell Max Official,12.1,97,36,95,6,5.0
MSI Max Center,13.5,99,24,93,4,5.0
ASUS Ultimate Hub,8.8,89,24,86,2,4.6
Lenovo Ultimate Hub,9.4,91,24,88,3,4.7
Acer Ultimate Store,7.9,83,12,80,4,4.4
HP Ultimate Tech,10.8,95,24,91,5,4.9